year,energy
1965,1286.4984033865046
1966,1359.7720768690485
1967,1406.8056588040788
1968,1492.3370796385004
1969,1573.0017441192358
1970,1626.7083891337415
1971,1658.9896894202234
